<?xml version="1.0" encoding="UTF-8"?><changeHistory><change uid="maybpdmt-myoy" user="Various individuals"/><change uid="maybv85c-omtc" user="WílmerL"/><change uid="maybw405-k2cs" user="WílmerL"/><change uid="mb8coqkf-925q" user="WílmerL"/><change uid="mb8cugls-r7vn" user="WílmerL"/><change uid="mb8d0fpe-4gbv" user="WílmerL"/><change uid="mb8dqx7p-if37" user="WílmerL"/><change uid="mb8dx7yv-e27i" user="WílmerL"/><change uid="mb8dymas-gbtc" user="WílmerL"/><change uid="mb8i16oe-oggl" user="WílmerL"/><change uid="mb8i38db-n0cq" user="WílmerL"/></changeHistory>