<wbsModel>
  <wbsNode name='Project Milestones' id='14517026' type='Milestone List' indentLevel='0' expanded='true'>
    <attr name='createdWithVersion' value='6.4.0'/>
  </wbsNode>
    <wbsNode name='Fase de Planeación y Diseño' id='14517023' type='Milestone' indentLevel='1' expanded='true'>
      <attr name='Color' value='#00ffff'/>
      <attr name='Commit Date' value='2025-05-27'/>
    </wbsNode>
    <wbsNode name='Fase de Revisión de Diseño y Codificación' id='14517024' type='Milestone' indentLevel='1' expanded='true'>
      <attr name='Color' value='#e2931d'/>
      <attr name='Commit Date' value='2025-06-10'/>
    </wbsNode>
    <wbsNode name='Fase de Revisión de Código, Compilación, Pruebas y Postmortem' id='14517025' type='Milestone' indentLevel='1' expanded='true'>
      <attr name='Color' value='#b400b4'/>
      <attr name='Commit Date' value='2025-06-24'/>
    </wbsNode>
</wbsModel>
