<?xml version='1.0' encoding='UTF-8'?>
<project name='PlenaEstudio.co' id='12816460' tid='man5bcvg:12816460' labels='Documentación,Fase_de_Planeación_y_Diseño' mid='14517023' dumpFileVersion='6.4.0' dumpTimestamp='@1748470233604'>
  <sizeMetric metricID='LOC' name='LOC'/>
  <sizeMetric metricID='Size-1700625' name='Text Pages'/>
  <sizeMetric metricID='Size-14896578' name='Req Pages'/>
  <sizeMetric metricID='Size-11415428' name='HLD Pages'/>
  <sizeMetric metricID='Size-6804155' name='DLD Lines'/>
  <teamMember name='Wìlmer E. Leòn' tmid='588952373' initials='WE' color='#9933ff' subteams='' startDate='@1747526400000' startCalendarDate='2025-05-18' hoursPerWeek='48.0'/>
  <teamMember name='Carlos Valderrama' tmid='38887415' initials='CV' color='#6666ff' subteams='' startDate='@1747526400000' startCalendarDate='2025-05-18' hoursPerWeek='12.0'/>
  <teamMember name='Gustavo Adolfo' tmid='801991549' initials='GA' color='#00ccff' subteams='' startDate='@1747526400000' startCalendarDate='2025-05-18' hoursPerWeek='12.0'/>
  <teamMember name='Juan Esteban' tmid='1253673279' initials='JE' color='#66ff99' subteams='' startDate='@1747526400000' startCalendarDate='2025-05-18' hoursPerWeek='12.0'/>
  <milestone name='Fase de Planeación y Diseño' labelName='Fase_de_Planeación_y_Diseño' mid='14517023' fullMid='man5bcvg:14517023' color='#00ffff' commitDate='2025-05-27'/>
  <milestone name='Fase de Revisión de Diseño y Codificación' labelName='Fase_de_Revisión_de_Diseño_y_Codificación' mid='14517024' fullMid='man5bcvg:14517024' color='#e2931d' commitDate='2025-06-10'/>
  <milestone name='Fase de Revisión de Código, Compilación, Pruebas y Postmortem' labelName='Fase_de_Revisión_de_Código_Compilación_Pruebas_y_Postmortem' mid='14517025' fullMid='man5bcvg:14517025' color='#b400b4' commitDate='2025-06-24'/>
	<task name='Planning' id='12816436' tid='man5bcvg:12816436' labels='Documentación,Fase_de_Planeación_y_Diseño' mid='14517023' effectivePhase='Planning'>
		<document name='Requirements Document' id='12816444' tid='man5bcvg:12816444' labels='Documentación,Fase_de_Planeación_y_Diseño' mid='14517023'>
			<size units='Req Pages' plan='45.0' owner='WE'/>
		</document>
	</task>
	<task name='Design' id='12816437' tid='man5bcvg:12816437' labels='Documentación,Fase_de_Planeación_y_Diseño' mid='14517023' effectivePhase='Design'>
		<document name='Detailed Design Document' id='12816448' tid='man5bcvg:12816448' labels='Documentación,Fase_de_Planeación_y_Diseño' mid='14517023'>
			<size units='Req Pages' plan='45.0' owner='WE'/>
		</document>
	</task>
	<task name='Design Review' id='12816438' tid='man5bcvg:12816438' labels='Documentación,Fase_de_Revisión_de_Diseño_y_Codificación' mid='14517024' effectivePhase='Design Review'>
		<document name='High Level Design Document' id='12816449' tid='man5bcvg:12816449' labels='Documentación,Fase_de_Revisión_de_Diseño_y_Codificación' mid='14517024'>
			<size units='Req Pages' plan='60.0' owner='WE'/>
		</document>
	</task>
	<task name='Code' id='12816439' tid='man5bcvg:12816439' labels='Codificación,Fase_de_Revisión_de_Diseño_y_Codificación' mid='14517024' effectivePhase='Code'>
		<component name='Component1' id='12816450' tid='man5bcvg:12816450' labels='Codificación,Fase_de_Revisión_de_Diseño_y_Codificación' mid='14517024'>
			<size units='LOC' plan='3000.0' owner='WE'/>
		</component>
		<component name='Component2' id='12816451' tid='man5bcvg:12816451' labels='Codificación,Fase_de_Revisión_de_Diseño_y_Codificación' mid='14517024'>
			<size units='LOC' plan='4000.0' owner='WE'/>
		</component>
		<component name='Component3' id='12816452' tid='man5bcvg:12816452' labels='Codificación,Fase_de_Revisión_de_Diseño_y_Codificación' mid='14517024'>
			<size units='LOC' plan='500.0' owner='WE'/>
		</component>
	</task>
	<task name='Code Review' id='12816440' tid='man5bcvg:12816440' labels='Codificación,Fase_de_Revisión_de_Código_Compilación_Pruebas_y_Postmortem' mid='14517025' effectivePhase='Code Review'>
		<component name='Software Component1' id='12816453' tid='man5bcvg:12816453' labels='Codificación,Fase_de_Revisión_de_Código_Compilación_Pruebas_y_Postmortem' mid='14517025'>
			<size units='LOC' plan='450.0' owner='WE'/>
		</component>
		<component name='Software Component2' id='12816454' tid='man5bcvg:12816454' labels='Codificación,Fase_de_Revisión_de_Código_Compilación_Pruebas_y_Postmortem' mid='14517025'/>
		<component name='Software Component3' id='12816455' tid='man5bcvg:12816455' labels='Codificación,Fase_de_Revisión_de_Código_Compilación_Pruebas_y_Postmortem' mid='14517025'/>
	</task>
	<task name='Compile' id='12816441' tid='man5bcvg:12816441' labels='Pruebas,Fase_de_Revisión_de_Código_Compilación_Pruebas_y_Postmortem' mid='14517025' effectivePhase='Compile'>
		<component name='Software Component' id='12816456' tid='man5bcvg:12816456' labels='Pruebas,Fase_de_Revisión_de_Código_Compilación_Pruebas_y_Postmortem' mid='14517025'/>
	</task>
	<task name='Test' id='12816442' tid='man5bcvg:12816442' labels='Documentación,Fase_de_Planeación_y_Diseño' mid='14517023' effectivePhase='Test'>
		<document name='General Document' id='12816457' tid='man5bcvg:12816457' labels='Documentación,Fase_de_Planeación_y_Diseño' mid='14517023'>
			<size units='Req Pages' plan='60.0' owner='WE'/>
		</document>
	</task>
	<task name='Postomortem &amp; Final Adjustments' id='12816443' tid='man5bcvg:12816443' labels='Documentación,Fase_de_Planeación_y_Diseño' mid='14517023' effectivePhase='Postmortem'>
		<document name='General Document' id='12816458' tid='man5bcvg:12816458' labels='Documentación,Fase_de_Planeación_y_Diseño' mid='14517023'>
			<size units='Req Pages' plan='55.0' owner='WE'/>
		</document>
	</task>
</project>
