<wbsModel>
  <wbsNode name='Size Metric List' id='6879355' type='Size Metric List' indentLevel='0' expanded='true'>
    <attr name='createdWithVersion' value='6.4.0'/>
  </wbsNode>
    <wbsNode name='LOC' id='1' type='Size Metric' indentLevel='1' readOnly='true'/>
    <wbsNode name='Text Pages' id='1700625' type='Size Metric' indentLevel='1'>
      <attr name='Phase List' value='Documentation/Sys Test Plan/Int Test Plan/Test Devel'/>
      <attr name='Work Product List' value='General Document'/>
    </wbsNode>
    <wbsNode name='Req Pages' id='14896578' type='Size Metric' indentLevel='1'>
      <attr name='Phase List' value='Reqts Inspect/Reqts Review/Reqts'/>
      <attr name='Work Product List' value='Requirements Document'/>
    </wbsNode>
    <wbsNode name='HLD Pages' id='11415428' type='Size Metric' indentLevel='1'>
      <attr name='Phase List' value='HLD/HLD Inspect/HLD Review'/>
      <attr name='Work Product List' value='High Level Design Document'/>
    </wbsNode>
    <wbsNode name='DLD Lines' id='6804155' type='Size Metric' indentLevel='1'>
      <attr name='Phase List' value='Design Inspect/Design/Design Review'/>
      <attr name='Work Product List' value='Detailed Design Document'/>
    </wbsNode>
</wbsModel>
