<wbsModel>
  <wbsNode name='PlenaEstudio.co' id='12816460' type='Project' indentLevel='0' expanded='true'>
    <attr name='Label' value='Documentación'/>
    <attr name='Milestone' value='14517023'/>
    <attr name='WBS Managed Size Data' value='true'/>
    <attr name='createdWithVersion' value='6.4.0'/>
    <attr name='workflowIDsScrubbed' value='true'/>
  </wbsNode>
    <wbsNode name='Planning' id='12816436' type='Planning Task' indentLevel='1' expanded='true'>
      <attr name='Time Per Person' value='0.0'/>
    </wbsNode>
      <wbsNode name='Requirements Document' id='12816444' type='Requirements Document' indentLevel='2'>
        <attr name='Added-Size-14896578 (Top Down)' value='45.0'/>
        <attr name='CV-Assignment Ordinal' value='2'/>
        <attr name='CV-Time (Top Down)' value='11.25'/>
        <attr name='GA-Assignment Ordinal' value='3'/>
        <attr name='GA-Time (Top Down)' value='11.25'/>
        <attr name='JE-Assignment Ordinal' value='4'/>
        <attr name='JE-Time (Top Down)' value='11.25'/>
        <attr name='Time (Top Down)' value='45.0'/>
        <attr name='Time Per Person' value='0.0'/>
        <attr name='WE-Assignment Ordinal' value='1'/>
        <attr name='WE-Time (Top Down)' value='11.25'/>
      </wbsNode>
    <wbsNode name='Design' id='12816437' type='Design Task' indentLevel='1' expanded='true'>
      <attr name='CV (Assigned With Zero)' value='t'/>
      <attr name='CV-Assignment Ordinal' value='1'/>
      <attr name='Time Per Person' value='0.0'/>
      <attr name='WE-Assignment Ordinal' value='2'/>
    </wbsNode>
      <wbsNode name='Detailed Design Document' id='12816448' type='Detailed Design Document' indentLevel='2'>
        <attr name='Added-Size-14896578 (Top Down)' value='45.0'/>
        <attr name='Time (Top Down)' value='30.0'/>
        <attr name='Time Per Person' value='0.0'/>
        <attr name='WE-Time (Top Down)' value='30.0'/>
      </wbsNode>
    <wbsNode name='Design Review' id='12816438' type='Design Review Task' indentLevel='1' expanded='true'>
      <attr name='Milestone' value='14517024'/>
      <attr name='Time Per Person' value='0.0'/>
    </wbsNode>
      <wbsNode name='High Level Design Document' id='12816449' type='High Level Design Document' indentLevel='2'>
        <attr name='Added-Size-14896578 (Top Down)' value='60.0'/>
        <attr name='GA (Assigned With Zero)' value='t'/>
        <attr name='GA-Assignment Ordinal' value='2'/>
        <attr name='Time Per Person' value='0.0'/>
        <attr name='WE (Assigned With Zero)' value='t'/>
        <attr name='WE-Assignment Ordinal' value='1'/>
      </wbsNode>
    <wbsNode name='Code' id='12816439' type='Code Task' indentLevel='1' expanded='true'>
      <attr name='Label' value='Codificación'/>
      <attr name='Milestone' value='14517024'/>
      <attr name='Time Per Person' value='0.0'/>
    </wbsNode>
      <wbsNode name='Component1' id='12816450' type='Component' indentLevel='2'>
        <attr name='Added-LOC (Top Down)' value='3000.0'/>
        <attr name='Time Per Person' value='0.0'/>
      </wbsNode>
      <wbsNode name='Component2' id='12816451' type='Component' indentLevel='2'>
        <attr name='Added-LOC (Top Down)' value='4000.0'/>
      </wbsNode>
      <wbsNode name='Component3' id='12816452' type='Component' indentLevel='2'>
        <attr name='Added-LOC (Top Down)' value='500.0'/>
      </wbsNode>
    <wbsNode name='Code Review' id='12816440' type='Code Review Task' indentLevel='1' expanded='true'>
      <attr name='Label' value='Codificación'/>
      <attr name='Milestone' value='14517025'/>
      <attr name='Time Per Person' value='0.0'/>
    </wbsNode>
      <wbsNode name='Software Component1' id='12816453' type='Software Component' indentLevel='2'>
        <attr name='Added-LOC (Top Down)' value='450.0'/>
        <attr name='Time Per Person' value='0.0'/>
      </wbsNode>
      <wbsNode name='Software Component2' id='12816454' type='Software Component' indentLevel='2'/>
      <wbsNode name='Software Component3' id='12816455' type='Software Component' indentLevel='2'/>
    <wbsNode name='Compile' id='12816441' type='Compile Task' indentLevel='1' expanded='true'>
      <attr name='Label' value='Pruebas'/>
      <attr name='Milestone' value='14517025'/>
      <attr name='Time Per Person' value='0.0'/>
    </wbsNode>
      <wbsNode name='Software Component' id='12816456' type='Software Component' indentLevel='2'>
        <attr name='Time Per Person' value='0.0'/>
      </wbsNode>
    <wbsNode name='Test' id='12816442' type='Test Task' indentLevel='1' expanded='true'>
      <attr name='Time Per Person' value='0.0'/>
    </wbsNode>
      <wbsNode name='General Document' id='12816457' type='General Document' indentLevel='2'>
        <attr name='Added-Size-14896578 (Top Down)' value='60.0'/>
        <attr name='Time Per Person' value='0.0'/>
      </wbsNode>
    <wbsNode name='Postomortem &amp; Final Adjustments' id='12816443' type='Postmortem Task' indentLevel='1' expanded='true'>
      <attr name='Time Per Person' value='0.0'/>
    </wbsNode>
      <wbsNode name='General Document' id='12816458' type='General Document' indentLevel='2'>
        <attr name='Added-Size-14896578 (Top Down)' value='55.0'/>
        <attr name='Time Per Person' value='0.0'/>
      </wbsNode>
</wbsModel>
